Ref,Val,Package,PosX,PosY,Rot,Side
"C1","100nF","C_0603_1608Metric",177.420000,-124.340000,135.000000,bottom
"C2","2.2uF","C_0603_1608Metric",145.500000,-118.570000,-90.000000,bottom
"C3","100nF","C_0603_1608Metric",180.750000,-119.450000,0.000000,bottom
"C4","1uF","C_0603_1608Metric",180.750000,-121.100000,0.000000,bottom
"C5","100nF","C_0603_1608Metric",192.300000,-104.800000,0.000000,bottom
"C6","1uF","C_0603_1608Metric",197.400000,-103.000000,180.000000,bottom
"C7","2.2uF","C_0603_1608Metric",197.300000,-121.700000,0.000000,bottom
"C8","2.2uF","C_0603_1608Metric",196.600000,-106.900000,180.000000,bottom
"C9","2.2uF","C_0603_1608Metric",197.300000,-120.100000,0.000000,bottom
"C10","100nF","C_0603_1608Metric",147.100000,-118.600000,-90.000000,bottom
"C11","100nF","C_0603_1608Metric",194.700000,-123.300000,180.000000,bottom
"C12","100nF","C_0603_1608Metric",196.600000,-105.300000,180.000000,bottom
"C13","100nF","C_0603_1608Metric",194.700000,-124.900000,180.000000,bottom
"C14","2.2uF","C_0603_1608Metric",145.960000,-134.740000,180.000000,bottom
"C15","100nF","C_0603_1608Metric",186.750000,-121.050000,180.000000,bottom
"C16","100nF","C_0603_1608Metric",180.020203,-113.086679,-90.000000,bottom
"C17","100nF","C_0603_1608Metric",197.800000,-124.900000,180.000000,bottom
"C18","100nF","C_0603_1608Metric",176.000000,-120.600000,-90.000000,bottom
"C20","100nF","C_0603_1608Metric",197.400000,-117.000000,-90.000000,bottom
"C22","100nF","C_0603_1608Metric",196.350000,-111.400000,-90.000000,bottom
"C24","100nF","C_0603_1608Metric",180.750000,-117.800000,0.000000,bottom
"C25","100nF","C_0603_1608Metric",191.750000,-121.000000,180.000000,bottom
"C29","100nF","C_0603_1608Metric",208.225000,-105.138000,0.000000,bottom
"C32","1uF","C_0603_1608Metric",208.225000,-103.438000,0.000000,bottom
"C35","100nF","C_0603_1608Metric",207.050000,-97.800000,180.000000,bottom
"C36","1uF","C_0603_1608Metric",207.050000,-96.225000,180.000000,bottom
"C41","22uF 35V","C_1206_3216Metric",95.342983,-84.042983,135.000000,bottom
"C43","100nF","C_0603_1608Metric",162.466762,-116.136679,180.000000,bottom
"C45","100nF","C_0603_1608Metric",109.300000,-107.705000,180.000000,bottom
"C47","100nF","C_0603_1608Metric",164.966762,-108.736679,180.000000,bottom
"C48","100nF","C_0603_1608Metric",161.466762,-108.736679,0.000000,bottom
"C49","100nF","C_0603_1608Metric",126.600000,-87.300000,180.000000,bottom
"C51","100nF","C_0603_1608Metric",122.700000,-109.600000,180.000000,bottom
"C52","100nF","C_0603_1608Metric",119.500000,-109.600000,0.000000,bottom
"C53","100uF 10V","C_1210_3225Metric",109.900000,-95.000000,-90.000000,bottom
"C54","100uF 10V","C_1210_3225Metric",113.400000,-95.000000,-90.000000,bottom
"C55","100uF 10V","C_1210_3225Metric",117.000000,-95.025000,-90.000000,bottom
"C56","10uF 50V","C_1206_3216Metric",94.250000,-49.600000,-135.000000,bottom
"C58","100nF","C_0603_1608Metric",200.100000,-94.000000,90.000000,bottom
"C60","22uF 35V","C_1206_3216Metric",99.200000,-81.100000,90.000000,bottom
"C61","22uF 35V","C_1206_3216Metric",102.600000,-81.100000,90.000000,bottom
"C62","100nF","C_0603_1608Metric",198.625000,-96.500000,0.000000,bottom
"C64","10uF 50V","C_0805_2012Metric",80.000000,-63.750000,90.000000,bottom
"C65","100nF","C_0603_1608Metric",138.500000,-96.950000,90.000000,bottom
"C66","22uF 35V","C_1206_3216Metric",194.725000,-96.600000,0.000000,bottom
"C67","10uF 16V","C_0805_2012Metric",191.300000,-94.300000,90.000000,bottom
"C68","10uF 16V","C_0805_2012Metric",207.500000,-126.300000,0.000000,bottom
"C72","100nF","C_0603_1608Metric",190.800000,-97.200000,180.000000,bottom
"C74","100nF","C_0603_1608Metric",200.700000,-129.100000,-90.000000,bottom
"C75","100nF","C_0603_1608Metric",140.200000,-96.950000,90.000000,bottom
"C76","100nF","C_0603_1608Metric",202.500000,-129.000000,-90.000000,bottom
"C78","100nF","C_0603_1608Metric",99.400000,-101.650000,0.000000,bottom
"C79","100nF","C_0603_1608Metric",88.450000,-90.412500,180.000000,bottom
"C80","100nF","C_0603_1608Metric",85.400000,-93.200000,0.000000,bottom
"C81","100nF","C_0603_1608Metric",88.800000,-93.200000,0.000000,bottom
"C82","100nF","C_0603_1608Metric",99.050000,-108.225000,90.000000,bottom
"C83","100nF","C_0603_1608Metric",190.400000,-112.790000,180.000000,bottom
"C84","2.2uF","C_0603_1608Metric",97.400000,-108.225000,90.000000,bottom
"C85","100nF","C_0603_1608Metric",107.200000,-84.200000,0.000000,bottom
"C86","1uF 50V","C_0603_1608Metric",107.150000,-82.650000,0.000000,bottom
"C87","100nF","C_0603_1608Metric",112.500000,-79.950000,0.000000,bottom
"C88","100nF","C_0603_1608Metric",189.900000,-109.075000,90.000000,bottom
"C89","100nF","C_0603_1608Metric",133.700000,-132.410000,90.000000,bottom
"C90","100nF","C_0603_1608Metric",140.900000,-132.600000,90.000000,bottom
"C91","100nF","C_0603_1608Metric",133.810000,-124.300000,90.000000,bottom
"C92","100nF","C_0603_1608Metric",141.000000,-124.300000,90.000000,bottom
"C93","2.2uF","C_0603_1608Metric",151.800000,-105.800000,0.000000,bottom
"C94","100nF","C_0603_1608Metric",151.800000,-107.400000,0.000000,bottom
"C95","100nF","C_0603_1608Metric",133.800000,-115.400000,90.000000,bottom
"C96","100nF","C_0603_1608Metric",141.190000,-115.200000,90.000000,bottom
"C97","10uF 16V","C_0805_2012Metric",215.430000,-114.750000,180.000000,bottom
"C98","100nF","C_0603_1608Metric",133.335000,-106.300000,90.000000,bottom
"C99","100nF","C_0603_1608Metric",140.900000,-106.425000,90.000000,bottom
"C100","2.2uF","C_0603_1608Metric",214.600000,-102.100000,180.000000,bottom
"C101","100nF","C_0603_1608Metric",163.300000,-120.550000,-90.000000,bottom
"C102","2.2uF","C_0603_1608Metric",161.700000,-120.550000,-90.000000,bottom
"C103","100nF","C_0603_1608Metric",219.350000,-91.850000,-90.000000,bottom
"C104","2.2uF","C_0603_1608Metric",219.350000,-88.675000,90.000000,bottom
"C110","100nF","C_0603_1608Metric",109.500000,-90.500000,180.000000,bottom
"C111","100nF","C_0603_1608Metric",120.700000,-91.300000,0.000000,bottom
"C112","10uF 16V","C_0805_2012Metric",186.200000,-111.750000,-90.000000,bottom
"C113","4.7uF","C_0603_1608Metric",207.640000,-111.430000,180.000000,bottom
"C114","22uF 35V","C_1206_3216Metric",211.450000,-111.725000,180.000000,bottom
"C115","100nF","C_0603_1608Metric",145.590000,-132.020000,-90.000000,bottom
"C116","1uF","C_0603_1608Metric",112.500000,-81.600000,0.000000,bottom
"C117","47uF 10V","C_0805_2012Metric",211.150000,-99.550000,0.000000,bottom
"C118","47uF 10V","C_0805_2012Metric",211.150000,-101.600000,0.000000,bottom
"C129","100nF","C_0603_1608Metric",207.025000,-81.800000,180.000000,bottom
"C130","100nF","C_0603_1608Metric",214.000000,-82.600000,-90.000000,bottom
"C131","2.2uF 100V","C_1210_3225Metric",75.050000,-77.675000,0.000000,bottom
"C132","2.2uF 100V","C_1210_3225Metric",57.650000,-66.800000,180.000000,bottom
"C133","2.2uF 100V","C_1210_3225Metric",64.550000,-49.950000,180.000000,bottom
"C137","100nF","C_0603_1608Metric",127.800000,-89.100000,0.000000,bottom
"C138","12pF","C_0402_1005Metric",124.600000,-83.900000,180.000000,bottom
"C139","10uF 50V","C_1206_3216Metric",92.550000,-47.900000,-135.000000,bottom
"C140","10uF 50V","C_1206_3216Metric",95.950000,-51.300000,-135.000000,bottom
"C141","10uF 50V","C_1206_3216Metric",97.650000,-53.000000,-135.000000,bottom
"C142","10uF 50V","C_1206_3216Metric",58.900000,-81.350000,180.000000,bottom
"C143","10uF 50V","C_1206_3216Metric",58.900000,-83.750000,180.000000,bottom
"C144","10uF 50V","C_1206_3216Metric",58.900000,-86.150000,180.000000,bottom
"C145","10uF 50V","C_1206_3216Metric",58.900000,-88.550000,180.000000,bottom
"C146","10uF 50V","C_1206_3216Metric",57.650000,-69.650000,180.000000,bottom
"C147","10uF 50V","C_1206_3216Metric",58.900000,-91.000000,180.000000,bottom
"C148","10uF 50V","C_1206_3216Metric",57.675000,-72.050000,180.000000,bottom
"C149","10uF 50V","C_1206_3216Metric",57.650000,-74.450000,180.000000,bottom
"C150","10uF 50V","C_1206_3216Metric",88.700000,-47.000000,-90.000000,bottom
"C151","10uF 50V","C_1206_3216Metric",99.350000,-54.700000,-135.000000,bottom
"C152","10uF 50V","C_1206_3216Metric",83.850000,-46.950000,-90.000000,bottom
"C153","10uF 50V","C_1206_3216Metric",86.250000,-46.975000,-90.000000,bottom
"D1","CDSOT23-T24CAN","SOT95P230X117-3N",127.700000,-96.950000,180.000000,bottom
"D3","BKP-ON","LED_0603_1608Metric",210.550000,-96.900000,90.000000,bottom
"D7","FMU-PWR","LED_0603_1608Metric",189.300000,-93.400000,-90.000000,bottom
"D8","SMBJ30C","D_SMB",73.800000,-73.700000,180.000000,bottom
"D9","SMBJ30C","D_SMB",59.750000,-62.000000,0.000000,bottom
"D10","SMBJ30C","D_SMB",72.500000,-51.000000,180.000000,bottom
"D14","SS14","D_SMA",88.400000,-112.600000,0.000000,bottom
"D15","SS14","D_SMA",72.500000,-86.400000,0.000000,bottom
"D21","SS14","D_SMA",82.700000,-129.000000,0.000000,bottom
"D22","SS14","D_SMA",74.100000,-104.300000,-90.000000,bottom
"D24","SS14","D_SMA",97.050000,-112.600000,0.000000,bottom
"D25","SS14","D_SMA",91.800000,-121.200000,0.000000,bottom
"D26","SS14","D_SMA",74.100000,-116.200000,-90.000000,bottom
"D28","SS14","D_SMA",65.800000,-129.100000,-90.000000,bottom
"D30","BAV99","SOT-23",85.575000,-96.075000,90.000000,bottom
"D31","BAV99","SOT-23",99.200000,-104.637500,90.000000,bottom
"D32","BAV99","SOT-23",88.675000,-87.487500,-90.000000,bottom
"D33","BAV99","SOT-23",90.600000,-96.062500,90.000000,bottom
"D34","SS14","D_SMA",83.150000,-101.075000,0.000000,bottom
"D35","SS14","D_SMA",90.400000,-101.075000,180.000000,bottom
"F1","20A SLBLW","Fuse_1206_3216Metric",75.000000,-45.800000,0.000000,bottom
"F2","20A SLBLW","Fuse_1206_3216Metric",64.000000,-95.200000,-90.000000,bottom
"F3","20A SLBLW","Fuse_1206_3216Metric",71.400000,-78.400000,-90.000000,bottom
"L5","1uH","L_1008_2520Metric",211.065000,-114.400000,0.000000,bottom
"Q1","AO3400A","SOT-23-3",84.862500,-120.350000,0.000000,bottom
"Q2","TPH3R704PL","TRANS_TPHR8504PL,L1Q",80.300000,-77.325000,-90.000000,bottom
"Q3","AO3400A","SOT-23-3",88.700000,-129.700000,90.000000,bottom
"Q4","TPH3R704PL","TRANS_TPHR8504PL,L1Q",86.550000,-68.900000,0.000000,bottom
"Q5","AO3400A","SOT-23-3",101.500000,-120.600000,180.000000,bottom
"Q6","AO3400A","SOT-23-3",102.400000,-128.600000,180.000000,bottom
"Q7","TPH3R704PL","TRANS_TPHR8504PL,L1Q",86.525000,-60.800000,0.000000,bottom
"Q8","TPH3R704PL","TRANS_TPHR8504PL,L1Q",86.550000,-52.700000,0.000000,bottom
"R5","0E","R_0402_1005Metric",178.800000,-123.100000,-90.000000,bottom
"R6","10K","R_0402_1005Metric",206.025000,-103.338000,90.000000,bottom
"R7","10K","R_0402_1005Metric",206.025000,-105.438000,90.000000,bottom
"R10","120E","R_0402_1005Metric",206.050000,-100.938000,-90.000000,bottom
"R12","330E","R_0402_1005Metric",209.150000,-97.100000,-90.000000,bottom
"R13","330E","R_0402_1005Metric",211.300000,-103.250000,0.000000,bottom
"R18","120E","R_0402_1005Metric",158.466762,-107.936679,0.000000,bottom
"R19","120E","R_0402_1005Metric",158.466762,-109.136679,0.000000,bottom
"R20","120E","R_0402_1005Metric",158.456762,-110.236679,0.000000,bottom
"R21","120E","R_0402_1005Metric",158.456762,-111.336679,0.000000,bottom
"R22","4.7K","R_0402_1005Metric",110.700000,-98.200000,0.000000,bottom
"R23","4.7K","R_0402_1005Metric",113.200000,-98.200000,0.000000,bottom
"R24","4.7K","R_0402_1005Metric",115.710000,-98.200000,0.000000,bottom
"R25","4.7K","R_0402_1005Metric",117.200000,-108.205000,0.000000,bottom
"R26","120E","R_0402_1005Metric",158.466762,-112.436679,180.000000,bottom
"R27","120E","R_0402_1005Metric",158.466762,-113.536679,180.000000,bottom
"R28","120E","R_0402_1005Metric",158.456762,-114.636679,180.000000,bottom
"R29","120E","R_0402_1005Metric",158.466762,-115.736679,180.000000,bottom
"R30","100K 1%","R_0402_1005Metric",129.200000,-83.900000,180.000000,bottom
"R31","16.2K 1%","R_0402_1005Metric",131.400000,-83.900000,180.000000,bottom
"R32","100K","R_0402_1005Metric",129.100000,-85.600000,0.000000,bottom
"R33","4.99K","R_0402_1005Metric",125.200000,-85.500000,-90.000000,bottom
"R34","5.1K","R_0402_1005Metric",101.400000,-85.700000,90.000000,bottom
"R35","100K 1%","R_0402_1005Metric",124.000000,-85.500000,-90.000000,bottom
"R36","24.9K 1%","R_0402_1005Metric",124.000000,-87.610000,-90.000000,bottom
"R38","120E","R_0402_1005Metric",117.100000,-111.700000,0.000000,bottom
"R39","120E","R_0402_1005Metric",117.100000,-112.900000,0.000000,bottom
"R40","120E","R_0402_1005Metric",117.100000,-114.000000,0.000000,bottom
"R41","120E","R_0402_1005Metric",117.090000,-115.100000,0.000000,bottom
"R42","120E","R_0402_1005Metric",117.100000,-116.200000,0.000000,bottom
"R44","2.2K","R_0402_1005Metric",198.600000,-93.900000,-90.000000,bottom
"R45","10K","R_0402_1005Metric",197.400000,-93.900000,90.000000,bottom
"R46","10K","R_0402_1005Metric",131.800000,-94.700000,90.000000,bottom
"R47","10K","R_0402_1005Metric",193.300000,-93.800000,-90.000000,bottom
"R48","330E","R_0402_1005Metric",189.100000,-95.600000,0.000000,bottom
"R49","120E","R_0402_1005Metric",130.650000,-96.925000,-90.000000,bottom
"R51","2.37K 1%","R_0402_1005Metric",82.750000,-96.300000,0.000000,bottom
"R52","2.37K 1%","R_0402_1005Metric",96.325000,-104.700000,0.000000,bottom
"R53","4.7K 0.1%","R_0402_1005Metric",82.775000,-97.475000,0.000000,bottom
"R54","4.7K 0.1%","R_0402_1005Metric",96.300000,-105.925000,0.000000,bottom
"R55","10K","R_0402_1005Metric",192.500000,-112.690000,90.000000,bottom
"R56","120E","R_0402_1005Metric",192.500000,-114.790000,-90.000000,bottom
"R58","2.37K 1%","R_0402_1005Metric",96.750000,-103.025000,90.000000,bottom
"R59","2.37K 1%","R_0402_1005Metric",91.475000,-87.212500,180.000000,bottom
"R62","4.7K 0.1%","R_0402_1005Metric",91.475000,-86.112500,180.000000,bottom
"R63","2.37K 1%","R_0402_1005Metric",91.050000,-88.837500,-90.000000,bottom
"R64","10K","R_0402_1005Metric",172.350000,-94.025000,0.000000,bottom
"R65","120E","R_0402_1005Metric",191.900000,-108.575000,180.000000,bottom
"R66","120E","R_0402_1005Metric",135.300000,-131.710000,-90.000000,bottom
"R67","10K","R_0402_1005Metric",136.400000,-131.710000,90.000000,bottom
"R68","120E","R_0402_1005Metric",135.900000,-133.410000,180.000000,bottom
"R69","120E","R_0402_1005Metric",142.300000,-131.810000,-90.000000,bottom
"R70","10K","R_0402_1005Metric",144.000000,-131.800000,90.000000,bottom
"R71","120E","R_0402_1005Metric",142.800000,-133.400000,180.000000,bottom
"R74","120E","R_0402_1005Metric",135.300000,-123.600000,-90.000000,bottom
"R75","10K","R_0402_1005Metric",136.400000,-123.600000,90.000000,bottom
"R76","120E","R_0402_1005Metric",135.910000,-125.200000,180.000000,bottom
"R77","10K","R_0402_1005Metric",143.300000,-123.800000,90.000000,bottom
"R78","120E","R_0402_1005Metric",142.900000,-125.325000,180.000000,bottom
"R79","120E","R_0402_1005Metric",135.200000,-114.700000,-90.000000,bottom
"R80","10K","R_0402_1005Metric",136.300000,-114.700000,90.000000,bottom
"R81","120E","R_0402_1005Metric",135.700000,-116.300000,180.000000,bottom
"R82","120E","R_0402_1005Metric",142.500000,-114.600000,-90.000000,bottom
"R83","10K","R_0402_1005Metric",143.600000,-114.600000,90.000000,bottom
"R84","120E","R_0402_1005Metric",143.090000,-116.200000,180.000000,bottom
"R85","10K","R_0402_1005Metric",135.400000,-105.800000,180.000000,bottom
"R86","120E","R_0402_1005Metric",135.400000,-107.000000,180.000000,bottom
"R87","10K","R_0402_1005Metric",143.300000,-105.750000,90.000000,bottom
"R88","120E","R_0402_1005Metric",142.800000,-107.350000,180.000000,bottom
"R89","5.1K","R_0402_1005Metric",214.275000,-108.650000,0.000000,bottom
"R90","5.1K/NC","R_0402_1005Metric",213.825000,-104.950000,-90.000000,bottom
"R91","1K","R_0402_1005Metric",161.950000,-126.100000,-90.000000,bottom
"R93","100K","R_0402_1005Metric",217.550000,-87.200000,180.000000,bottom
"R94","100K","R_0402_1005Metric",217.500000,-88.300000,180.000000,bottom
"R95","100K","R_0402_1005Metric",217.520000,-89.500000,180.000000,bottom
"R96","100K","R_0402_1005Metric",217.550000,-93.850000,180.000000,bottom
"R97","100K","R_0402_1005Metric",217.550000,-94.850000,180.000000,bottom
"R98","100K","R_0402_1005Metric",217.500000,-85.800000,180.000000,bottom
"R104","10K","R_0402_1005Metric",82.162500,-121.450000,90.000000,bottom
"R105","12K","R_0402_1005Metric",82.162500,-119.350000,-90.000000,bottom
"R106","10K","R_0402_1005Metric",84.400000,-75.100000,0.000000,bottom
"R107","12K","R_0402_1005Metric",84.400000,-74.000000,0.000000,bottom
"R109","4.7K","R_0402_1005Metric",73.662500,-125.500000,0.000000,bottom
"R110","4.7K","R_0402_1005Metric",73.662500,-127.400000,0.000000,bottom
"R111","4.7K","R_0402_1005Metric",77.662500,-125.500000,0.000000,bottom
"R112","4.7K","R_0402_1005Metric",77.750000,-127.500000,0.000000,bottom
"R113","10K","R_0402_1005Metric",89.900000,-132.700000,180.000000,bottom
"R114","12K","R_0402_1005Metric",87.800000,-132.700000,0.000000,bottom
"R115","10K","R_0402_1005Metric",82.100000,-67.100000,90.000000,bottom
"R116","12K","R_0402_1005Metric",80.900000,-67.100000,90.000000,bottom
"R118","10K","R_0402_1005Metric",106.200000,-119.500000,-90.000000,bottom
"R119","12K","R_0402_1005Metric",106.200000,-121.700000,90.000000,bottom
"R120","10K","R_0402_1005Metric",105.480000,-127.540000,-90.000000,bottom
"R121","12K","R_0402_1005Metric",106.600000,-129.600000,90.000000,bottom
"R122","10K","R_0402_1005Metric",82.100000,-59.000000,90.000000,bottom
"R123","12K","R_0402_1005Metric",81.000000,-59.000000,90.000000,bottom
"R125","10K","R_0402_1005Metric",125.000000,-96.500000,90.000000,bottom
"R126","10K","R_0402_1005Metric",119.800000,-86.400000,0.000000,bottom
"R127","10K","R_0402_1005Metric",110.000000,-87.000000,180.000000,bottom
"R128","10K","R_0402_1005Metric",110.000000,-89.000000,180.000000,bottom
"R129","10K","R_0402_1005Metric",81.800000,-52.600000,-90.000000,bottom
"R130","12K","R_0402_1005Metric",80.200000,-53.900000,90.000000,bottom
"R131","10K","R_0402_1005Metric",120.000000,-89.600000,0.000000,bottom
"R133","10K","R_0402_1005Metric",124.100000,-116.100000,-90.000000,bottom
"R135","453K","R_0402_1005Metric",207.120000,-115.950000,180.000000,bottom
"R136","100K","R_0402_1005Metric",206.040000,-113.340000,90.000000,bottom
"R137","2.37K 1%","R_0402_1005Metric",83.200000,-94.700000,90.000000,bottom
"R138","2.37K 1%","R_0402_1005Metric",88.025000,-97.275000,90.000000,bottom
"R139","4.7K 0.1%","R_0402_1005Metric",89.650000,-98.625000,0.000000,bottom
"R140","2.37K 1%","R_0402_1005Metric",88.000000,-95.075000,90.000000,bottom
"R143","1K","R_0402_1005Metric",105.700000,-106.375000,180.000000,bottom
"R144","10K","R_0402_1005Metric",103.675000,-106.375000,180.000000,bottom
"R148","10K","R_0402_1005Metric",147.525000,-108.800000,90.000000,bottom
"R149","10K","R_0402_1005Metric",148.750000,-108.825000,90.000000,bottom
"R151","10K","R_0402_1005Metric",183.325000,-105.775000,0.000000,bottom
"R154","10K","R_0402_1005Metric",185.275000,-105.275000,0.000000,bottom
"R157","10K","R_0402_1005Metric",179.700000,-91.200000,0.000000,bottom
"R160","10K/NC","R_0402_1005Metric",103.675000,-105.050000,0.000000,bottom
"R161","0E","R_0402_1005Metric",164.250000,-130.550000,180.000000,bottom
"R162","10K/NC","R_0402_1005Metric",164.250000,-131.700000,180.000000,bottom
"R218","0E","R_0402_1005Metric",206.600000,-128.390000,-90.000000,bottom
"R219","0E","R_0402_1005Metric",204.450000,-128.200000,0.000000,bottom
"R226","5.1K/NC","R_0402_1005Metric",103.500000,-89.700000,180.000000,bottom
"RN1","100E","R_Array_Convex_8x0602",159.100000,-95.950000,0.000000,bottom
"SW1","BOOT","Panasonic_EVQPUM_EVQPUD",218.500000,-126.500000,90.000000,bottom
"SW2","RST","Panasonic_EVQPUM_EVQPUD",218.500000,-80.400000,90.000000,bottom
"U3","TXS0108ERGYR","IC_TXS0108ERGYR",162.516762,-112.486679,180.000000,bottom
"U4","CD74HCT365M","SOIC127P600X175-16N",113.300000,-102.905000,-90.000000,bottom
"U5","SN74LVC8T245RHLR","IC_SN74LVC8T245RHLR",121.100000,-113.800000,180.000000,bottom
"U8","LP5912-3.3DRV","WSON-6-1EP_2x2mm_P0.65mm_EP1x1.6mm_ThermalVias",195.300000,-93.900000,180.000000,bottom
"U9","TJA1051TK-3","DFN-8-1EP_3x3mm_P0.65mm_EP1.55x2.4mm",134.800000,-96.850000,180.000000,bottom
"U11","W25Q128JVS","SOIC-8_5.23x5.23mm_P1.27mm",168.850000,-121.750000,180.000000,bottom
"U12","CD40109BPWR","TSSOP-16_4.4x5mm_P0.65mm",115.000000,-88.000000,0.000000,bottom
"U15","TLV62568DRL","SOT-563",207.800000,-113.870000,-90.000000,bottom
"U17","L78L10_SOT89","SOT-89-3",108.150000,-78.900000,90.000000,bottom
"U21","TPS2116DRLR","SOT-583-8",208.050000,-100.738000,90.000000,bottom
"C19","100nF","C_0603_1608Metric",175.400000,-119.800000,180.000000,top
"C21","100nF","C_0603_1608Metric",177.500000,-101.600000,180.000000,top
"C23","100nF","C_0603_1608Metric",186.850000,-99.750000,90.000000,top
"C26","100nF","C_0603_1608Metric",177.600000,-124.200000,135.000000,top
"C27","6pF 1%","C_0402_1005Metric",176.290000,-114.640000,90.000000,top
"C28","6pF 1%","C_0402_1005Metric",176.290000,-116.530000,-90.000000,top
"C30","10uF 50V","C_0805_2012Metric",80.200000,-79.400000,90.000000,top
"C31","10uF 50V","C_0805_2012Metric",80.500000,-63.750000,90.000000,top
"C33","100nF","C_0603_1608Metric",81.965000,-79.415000,90.000000,top
"C34","100nF","C_0603_1608Metric",82.300000,-63.600000,90.000000,top
"C37","100nF","C_0603_1608Metric",88.050000,-79.615000,90.000000,top
"C38","100nF","C_0603_1608Metric",88.700000,-63.700000,90.000000,top
"C39","1pF 50V","C_0402_1005Metric",84.065000,-76.715000,180.000000,top
"C40","1pF 50V","C_0402_1005Metric",84.000000,-60.700000,180.000000,top
"C42","47uF 10V","C_0805_2012Metric",104.600000,-68.500000,180.000000,top
"C44","10uF 50V","C_0805_2012Metric",139.300000,-87.300000,-90.000000,top
"C46","100nF","C_0603_1608Metric",135.800000,-87.500000,-90.000000,top
"C50","1uF","C_0603_1608Metric",131.300000,-87.700000,90.000000,top
"C57","1uF","C_0603_1608Metric",159.100000,-131.575000,90.000000,top
"C59","10uF 50V","C_0805_2012Metric",78.150000,-79.400000,90.000000,top
"C63","10uF 50V","C_0805_2012Metric",80.150000,-66.650000,0.000000,top
"C69","47uF 10V","C_0805_2012Metric",104.600000,-64.000000,180.000000,top
"C70","10uF 16V","C_0805_2012Metric",162.100000,-134.800000,0.000000,top
"C71","47uF 10V","C_0805_2012Metric",104.600000,-66.300000,180.000000,top
"C73","100nF","C_0603_1608Metric",157.400000,-131.600000,90.000000,top
"C77","100nF","C_0603_1608Metric",155.500000,-131.600000,90.000000,top
"C105","100uF 35V","CP_Elec_6.3x7.7",116.370203,-57.636679,0.000000,top
"C106","100uF 35V","CP_Elec_6.3x7.7",183.600000,-57.550000,0.000000,top
"C107","100uF 35V","CP_Elec_6.3x7.7",139.175000,-57.500000,0.000000,top
"C108","100uF 35V","CP_Elec_6.3x7.7",205.300000,-57.600000,0.000000,top
"C109","100uF 35V","CP_Elec_6.3x7.7",161.400000,-57.600000,0.000000,top
"C119","100nF","C_0603_1608Metric",171.600000,-92.200000,-90.000000,top
"C120","100nF","C_0603_1608Metric",172.400000,-89.700000,180.000000,top
"C121","100nF","C_0603_1608Metric",178.200000,-90.375000,-90.000000,top
"C122","100nF","C_0603_1608Metric",179.600000,-85.300000,90.000000,top
"C123","100nF","C_0603_1608Metric",130.475000,-68.700000,180.000000,top
"C124","100nF","C_0603_1608Metric",127.200000,-71.900000,180.000000,top
"C125","100nF","C_0603_1608Metric",146.500000,-70.500000,180.000000,top
"C126","100nF","C_0603_1608Metric",146.525000,-68.900000,180.000000,top
"C127","100nF","C_0603_1608Metric",192.390000,-71.210000,180.000000,top
"C128","100nF","C_0603_1608Metric",192.440000,-69.600000,180.000000,top
"C134","10uF 50V","C_0805_2012Metric",142.850000,-87.350000,-90.000000,top
"C135","1uF 50V","C_0603_1608Metric",141.050000,-87.500000,-90.000000,top
"C136","1uF 50V","C_0603_1608Metric",137.500000,-87.500000,-90.000000,top
"D2","USB-PWR","LED_0603_1608Metric",208.950000,-99.250000,0.000000,top
"D4","5V-OUT","LED_0603_1608Metric",210.925000,-104.838000,90.000000,top
"D6","5V-HC-LED","LED_0603_1608Metric",117.950000,-82.250000,180.000000,top
"D11","POW-MOT","LED_0603_1608Metric",81.965000,-50.250000,0.000000,top
"D12","POW-HEAT","LED_0603_1608Metric",81.965000,-52.750000,0.000000,top
"D13","POW-BED","LED_0603_1608Metric",81.990000,-55.250000,0.000000,top
"D16","HBED","LED_0603_1608Metric",78.450000,-85.112500,-90.000000,top
"D17","FAN1","LED_0603_1608Metric",73.712500,-125.600000,180.000000,top
"D18","FAN2","LED_0603_1608Metric",73.712500,-127.500000,180.000000,top
"D19","FAN3","LED_0603_1608Metric",77.900000,-125.600000,180.000000,top
"D20","FAN4","LED_0603_1608Metric",77.912500,-127.500000,180.000000,top
"D23","H1","LED_0603_1608Metric",76.700000,-104.200000,180.000000,top
"D27","H2","LED_0603_1608Metric",76.300000,-115.500000,180.000000,top
"D29","H3","LED_0603_1608Metric",76.300000,-121.750000,180.000000,top
"IC1","LMR51450SDRRR","SON50P300X300X80-13N-D",85.065000,-79.115000,180.000000,top
"IC2","LMR51450SDRRR","SON50P300X300X80-13N-D",85.250000,-63.350000,180.000000,top
"J1","POW-IN","CON_768250006_MOL",69.750000,-68.200001,-90.000000,top
"J2","T0","JST_GH_BM02B-GHS-TBT_1x02-1MP_P1.25mm_Vertical",81.300000,-90.400000,180.000000,top
"J3","T2","JST_GH_BM02B-GHS-TBT_1x02-1MP_P1.25mm_Vertical",90.075000,-97.350000,0.000000,top
"J4","SBC_USART","JST_GH_BM06B-GHS-TBT_1x06-1MP_P1.25mm_Vertical",157.600000,-111.600000,90.000000,top
"J5","PS-CTRL","JST_GH_BM02B-GHS-TBT_1x02-1MP_P1.25mm_Vertical",92.275000,-52.025000,0.000000,top
"J6","H1-Out","1723103102",69.610000,-102.550000,-90.000000,top
"J7","SBC_Supply","53375-0410",102.450000,-92.300000,0.000000,top
"J8","T1","JST_GH_BM02B-GHS-TBT_1x02-1MP_P1.25mm_Vertical",90.100000,-90.400000,180.000000,top
"J9","T3","JST_GH_BM02B-GHS-TBT_1x02-1MP_P1.25mm_Vertical",81.300000,-97.375000,0.000000,top
"J10","PT100_SPI_Port","JST_GH_BM06B-GHS-TBT_1x06-1MP_P1.25mm_Vertical",136.000000,-95.425000,90.000000,top
"J11","SBC_CAN","JST_GH_BM04B-GHS-TBT_1x04-1MP_P1.25mm_Vertical",128.700000,-97.000000,90.000000,top
"J12","PS-PWR-DET","JST_GH_BM03B-GHS-TBT_1x03-1MP_P1.25mm_Vertical",100.575000,-52.000000,0.000000,top
"J13","ACC_SPI","JST_GH_BM06B-GHS-TBT_1x06-1MP_P1.25mm_Vertical",143.525000,-117.975000,90.000000,top
"J14","H2-Out","1723103102",69.610000,-114.550000,-90.000000,top
"J15","ES0","JST_GH_BM03B-GHS-TBT_1x03-1MP_P1.25mm_Vertical",128.895000,-132.375000,90.000000,top
"J16","ES3","JST_GH_BM03B-GHS-TBT_1x03-1MP_P1.25mm_Vertical",136.020000,-132.350000,90.000000,top
"J17","ACC_I2C","JST_GH_BM04B-GHS-TBT_1x04-1MP_P1.25mm_Vertical",143.500000,-106.950000,90.000000,top
"J18","LCD-P1","JST_GH_BM10B-GHS-TBT_1x10-1MP_P1.25mm_Vertical",195.400000,-133.750000,180.000000,top
"J19","LED_NPXL","JST_GH_BM03B-GHS-TBT_1x03-1MP_P1.25mm_Vertical",115.325000,-116.775000,0.000000,top
"J20","BLTOUCH","JST_GH_BM05B-GHS-TBT_1x05-1MP_P1.25mm_Vertical",150.650000,-117.425000,90.000000,top
"J21","ES1","JST_GH_BM03B-GHS-TBT_1x03-1MP_P1.25mm_Vertical",128.820000,-123.775000,90.000000,top
"J22","ES4","JST_GH_BM03B-GHS-TBT_1x03-1MP_P1.25mm_Vertical",135.920000,-123.775000,90.000000,top
"J23","ACC_I2C_5V","JST_GH_BM04B-GHS-TBT_1x04-1MP_P1.25mm_Vertical",150.550000,-107.025000,90.000000,top
"J24","LCD-P2","JST_GH_BM10B-GHS-TBT_1x10-1MP_P1.25mm_Vertical",177.900000,-133.750000,180.000000,top
"J25","ES2","JST_GH_BM03B-GHS-TBT_1x03-1MP_P1.25mm_Vertical",128.795000,-115.125000,90.000000,top
"J26","ES5","JST_GH_BM03B-GHS-TBT_1x03-1MP_P1.25mm_Vertical",136.020000,-115.125000,90.000000,top
"J27","SWD","JST_GH_BM04B-GHS-TBT_1x04-1MP_P1.25mm_Vertical",195.400000,-94.700000,0.000000,top
"J28","SPARE_USART","JST_GH_BM06B-GHS-TBT_1x06-1MP_P1.25mm_Vertical",153.100000,-126.300000,180.000000,top
"J29","ESP1_PORT","PinSocket_2x04_P2.54mm_Vertical",210.550000,-117.760000,90.000000,top
"J30","FILSENS1","JST_GH_BM03B-GHS-TBT_1x03-1MP_P1.25mm_Vertical",128.745000,-106.300000,90.000000,top
"J31","FILSENS2","JST_GH_BM03B-GHS-TBT_1x03-1MP_P1.25mm_Vertical",136.045000,-106.300000,90.000000,top
"J32","AOF1","53375-0210",84.400000,-129.811500,0.000000,top
"J33","AOF2","53375-0210",93.191500,-129.811500,0.000000,top
"J34","USB_C_Receptacle_USB2.0","USB_C_Receptacle_XKB_U262-16XN-4BVC11",218.798238,-108.028321,90.000000,top
"J35","SPARE_SPI4","JST_GH_BM06B-GHS-TBT_1x06-1MP_P1.25mm_Vertical",143.500000,-95.425000,90.000000,top
"J36","SPARE_SPI4","JST_GH_BM06B-GHS-TBT_1x06-1MP_P1.25mm_Vertical",150.500000,-95.400000,90.000000,top
"J37","FPWM4","53375-0210",93.150000,-121.075000,0.000000,top
"J38","FPWM3","53375-0210",93.150000,-112.000000,0.000000,top
"J39","FPWM2","53375-0210",84.400000,-121.125000,0.000000,top
"J40","FPWM1","53375-0210",84.400000,-112.000000,0.000000,top
"J41","SRV1","53375-0310",103.600000,-129.811500,0.000000,top
"J42","SRV2","53375-0310",103.550000,-121.075000,0.000000,top
"J43","SRV3","53375-0310",103.608500,-112.000000,0.000000,top
"J44","SRV4","53375-0310",115.575000,-129.711500,0.000000,top
"J45","SRV-PWR","53375-0410",116.808500,-121.075000,0.000000,top
"J46","Micro_SD_Card_Det","473092651",216.202500,-91.100000,90.000000,top
"J47","SMRTMOT1","53375-0610",123.900000,-80.300000,180.000000,top
"J48","SMRTMOT3","53375-0610",165.250000,-87.752660,180.000000,top
"J49","SMRTMOT2","53375-0610",143.575000,-80.252660,180.000000,top
"J50","SMRTMOT4","53375-0610",185.600000,-80.200000,180.000000,top
"J51","SMRTMOT3","53375-0610",165.200000,-79.000000,180.000000,top
"J52","SMRTMOT5","53375-0610",205.800000,-80.300000,180.000000,top
"J53","MOTPORT1","53375-0410",123.000000,-50.000000,180.000000,top
"J54","MOTPORT4","53375-0410",192.000000,-50.000000,180.000000,top
"J55","MOTPORT2","53375-0410",139.000000,-50.000000,180.000000,top
"J56","MOTPORT5","53375-0410",207.000000,-50.000000,180.000000,top
"J57","MOTPORT3","53375-0410",162.000000,-50.000000,180.000000,top
"J58","MOTPORT3","53375-0410",176.000000,-50.000000,180.000000,top
"J59","FANSEL1","PinSocket_2x03_P2.54mm_Vertical",82.610000,-109.525000,180.000000,top
"J60","FANSEL2","PinSocket_2x03_P2.54mm_Vertical",89.950000,-109.535000,180.000000,top
"J61","ACC_SPI","JST_GH_BM06B-GHS-TBT_1x06-1MP_P1.25mm_Vertical",143.550000,-130.350000,90.000000,top
"J62","BED-OUT","MOLEX_1720430206",71.900000,-82.600000,90.000000,top
"J63","PROBE","JST_GH_BM03B-GHS-TBT_1x03-1MP_P1.25mm_Vertical",102.900000,-107.900000,0.000000,top
"J64","USB_C_Receptacle_PowerOnly_6P","USB_C_Receptacle_GCT_USB4115-03-C",102.150000,-88.865000,0.000000,top
"J65","H3-Out","1723103102",69.610000,-126.550000,-90.000000,top
"L2","15uH","INDPM135125X650N",96.600000,-78.900000,0.000000,top
"L3","6.8uH","INDPM110100X400N",96.250000,-64.150000,0.000000,top
"L4","3.3uH","IND_SRP1265C-3R3M",117.275000,-90.200000,180.000000,top
"M1","MotorDriverModule","MotorDriverModuleBase",119.285000,-59.280000,90.000000,top
"M2","MotorDriverModule","MotorDriverModuleBase",141.760000,-59.055000,90.000000,top
"M3","MotorDriverModule","MotorDriverModuleBase",163.960000,-59.005000,90.000000,top
"M4","MotorDriverModule","MotorDriverModuleBase",186.435000,-58.955000,90.000000,top
"M5","MotorDriverModule","MotorDriverModuleBase",208.035000,-59.005000,90.000000,top
"R1","220R","R_0402_1005Metric",218.500000,-83.000000,0.000000,top
"R2","10K","R_0402_1005Metric",216.400000,-83.000000,180.000000,top
"R3","220R","R_0402_1005Metric",218.600000,-128.400000,0.000000,top
"R4","10K","R_0402_1005Metric",218.600000,-129.600000,0.000000,top
"R8","237K 1%","R_0402_1005Metric",79.415000,-76.815000,180.000000,top
"R9","200K 1%","R_0402_1005Metric",81.565000,-77.215000,180.000000,top
"R11","330E","R_0402_1005Metric",211.760000,-99.250000,0.000000,top
"R14","100K","R_0402_1005Metric",84.065000,-75.515000,0.000000,top
"R15","7.15K","R_0402_1005Metric",82.600000,-75.600000,90.000000,top
"R16","100K","R_0402_1005Metric",84.000000,-59.600000,0.000000,top
"R17","19.1K","R_0402_1005Metric",82.000000,-59.600000,0.000000,top
"R37","330E","R_0402_1005Metric",115.250000,-82.150000,180.000000,top
"R43","10K/NC","R_0402_1005Metric",128.400000,-63.800000,180.000000,top
"R50","10K","R_0402_1005Metric",159.700000,-134.800000,90.000000,top
"R57","4.7K","R_0402_1005Metric",84.865000,-50.275000,0.000000,top
"R60","4.7K","R_0402_1005Metric",84.890000,-52.925000,0.000000,top
"R61","4.7K","R_0402_1005Metric",84.790000,-55.100000,0.000000,top
"R72","0E","R_0402_1005Metric",121.060000,-118.950000,0.000000,top
"R73","100K/NC","R_0402_1005Metric",121.085000,-117.825000,0.000000,top
"R92","10K","R_0402_1005Metric",170.150000,-119.850000,180.000000,top
"R99","10K","R_0402_1005Metric",115.175000,-62.625000,-90.000000,top
"R100","10K","R_0402_1005Metric",182.350000,-62.300000,-90.000000,top
"R101","10K","R_0402_1005Metric",137.700000,-62.250000,-90.000000,top
"R102","10K","R_0402_1005Metric",203.950000,-62.400000,-90.000000,top
"R103","10K","R_0402_1005Metric",159.900000,-62.300000,-90.000000,top
"R108","4.7K","R_0402_1005Metric",78.550000,-82.550000,180.000000,top
"R117","4.7K","R_0402_1005Metric",75.500000,-102.110000,90.000000,top
"R124","4.7K","R_0402_1005Metric",74.900000,-113.400000,90.000000,top
"R132","4.7K","R_0402_1005Metric",73.750000,-121.750000,180.000000,top
"R134","0E","R_0402_1005Metric",175.700000,-121.400000,0.000000,top
"R141","10K/NC","R_0402_1005Metric",96.670000,-104.530000,180.000000,top
"R142","0E","R_0402_1005Metric",96.670000,-105.755000,180.000000,top
"R145","120E","R_0402_1005Metric",123.675000,-107.475000,90.000000,top
"R146","100K","R_0402_1005Metric",122.600000,-107.475000,90.000000,top
"R147","10K","R_0402_1005Metric",213.125000,-123.150000,-90.000000,top
"R150","10K","R_0402_1005Metric",99.365000,-56.100000,0.000000,top
"R152","0E/NC","R_0402_1005Metric",104.650000,-58.210000,-90.000000,top
"R153","15K 1%","R_0402_1005Metric",101.325000,-56.075000,180.000000,top
"R155","10K","R_0402_1005Metric",132.700000,-71.040000,90.000000,top
"R156","10K","R_0402_1005Metric",147.050000,-71.950000,0.000000,top
"R158","10K","R_0402_1005Metric",197.500000,-71.100000,-90.000000,top
"R159","10K","R_0402_1005Metric",207.900000,-82.700000,-90.000000,top
"R163","0E","R_0402_1005Metric",115.450000,-110.150000,180.000000,top
"R164","10K/NC","R_0402_1005Metric",115.440000,-111.300000,0.000000,top
"R165","0E","R_0402_1005Metric",86.000000,-101.600000,-90.000000,top
"R166","10K/NC","R_0402_1005Metric",110.500000,-74.800000,-90.000000,top
"R167","0E","R_0402_1005Metric",125.510000,-63.800000,180.000000,top
"R168","10K/NC","R_0402_1005Metric",128.400000,-61.300000,180.000000,top
"R169","0E","R_0402_1005Metric",125.510000,-61.300000,0.000000,top
"R170","10K/NC","R_0402_1005Metric",128.400000,-58.690000,180.000000,top
"R171","0E","R_0402_1005Metric",125.500000,-58.700000,180.000000,top
"R172","10K/NC","R_0402_1005Metric",128.400000,-55.700000,180.000000,top
"R173","0E","R_0402_1005Metric",125.500000,-55.700000,180.000000,top
"R174","10K/NC","R_0402_1005Metric",150.875000,-63.570000,180.000000,top
"R175","0E","R_0402_1005Metric",147.975000,-63.570000,180.000000,top
"R176","10K/NC","R_0402_1005Metric",150.875000,-61.070000,180.000000,top
"R177","0E","R_0402_1005Metric",147.975000,-61.070000,180.000000,top
"R178","10K/NC","R_0402_1005Metric",150.875000,-58.475000,180.000000,top
"R179","0E","R_0402_1005Metric",147.975000,-58.475000,180.000000,top
"R180","10K/NC","R_0402_1005Metric",150.875000,-55.475000,180.000000,top
"R181","0E","R_0402_1005Metric",147.975000,-55.475000,180.000000,top
"R182","10K/NC","R_0402_1005Metric",173.075000,-63.520000,180.000000,top
"R183","0E","R_0402_1005Metric",170.175000,-63.510000,180.000000,top
"R184","10K/NC","R_0402_1005Metric",173.075000,-61.010000,180.000000,top
"R185","0E","R_0402_1005Metric",170.175000,-61.010000,180.000000,top
"R186","10K/NC","R_0402_1005Metric",173.075000,-58.420000,180.000000,top
"R187","0E","R_0402_1005Metric",170.175000,-58.420000,180.000000,top
"R188","10K/NC","R_0402_1005Metric",173.075000,-55.420000,180.000000,top
"R189","0E","R_0402_1005Metric",170.175000,-55.420000,180.000000,top
"R190","10K/NC","R_0402_1005Metric",195.550000,-63.520000,180.000000,top
"R191","0E","R_0402_1005Metric",192.650000,-63.520000,180.000000,top
"R192","10K/NC","R_0402_1005Metric",195.550000,-61.020000,180.000000,top
"R193","0E","R_0402_1005Metric",192.650000,-61.020000,180.000000,top
"R194","10K/NC","R_0402_1005Metric",195.550000,-58.420000,180.000000,top
"R195","0E","R_0402_1005Metric",192.650000,-58.420000,180.000000,top
"R196","10K/NC","R_0402_1005Metric",195.550000,-55.420000,180.000000,top
"R197","0E","R_0402_1005Metric",192.650000,-55.420000,180.000000,top
"R198","10K/NC","R_0402_1005Metric",217.150000,-63.520000,180.000000,top
"R199","0E","R_0402_1005Metric",214.250000,-63.520000,180.000000,top
"R200","10K/NC","R_0402_1005Metric",217.150000,-61.020000,180.000000,top
"R201","0E","R_0402_1005Metric",214.250000,-61.020000,180.000000,top
"R202","10K/NC","R_0402_1005Metric",217.150000,-58.420000,180.000000,top
"R203","0E","R_0402_1005Metric",214.250000,-58.420000,180.000000,top
"R204","10K/NC","R_0402_1005Metric",217.150000,-55.420000,180.000000,top
"R205","0E","R_0402_1005Metric",214.250000,-55.420000,180.000000,top
"R206","0E","R_0402_1005Metric",175.210000,-84.900000,180.000000,top
"R207","10K/NC","R_0402_1005Metric",177.200000,-84.900000,0.000000,top
"R208","120E","R_0402_1005Metric",174.500000,-89.500000,90.000000,top
"R209","120E","R_0402_1005Metric",175.600000,-89.510000,90.000000,top
"R210","120E","R_0402_1005Metric",181.100000,-84.200000,90.000000,top
"R211","120E","R_0402_1005Metric",182.100000,-84.200000,90.000000,top
"R212","120E","R_0402_1005Metric",128.200000,-69.100000,90.000000,top
"R213","120E","R_0402_1005Metric",150.600000,-68.800000,90.000000,top
"R214","120E","R_0402_1005Metric",196.325000,-68.225000,180.000000,top
"R215","120E","R_0402_1005Metric",214.100000,-82.400000,90.000000,top
"R216","0E","R_0402_1005Metric",161.100000,-132.760000,90.000000,top
"R217","0E","R_0402_1005Metric",162.650000,-130.500000,0.000000,top
"R220","46.4K","R_0402_1005Metric",86.265000,-76.715000,0.000000,top
"R221","100K","R_0402_1005Metric",88.065000,-77.115000,-90.000000,top
"R222","1.21M 1%","R_0402_1005Metric",79.400000,-60.400000,180.000000,top
"R223","200K 1%","R_0402_1005Metric",79.800000,-61.500000,0.000000,top
"R224","100K","R_0402_1005Metric",85.950000,-59.800000,0.000000,top
"R225","37.4K","R_0402_1005Metric",88.000000,-61.150000,90.000000,top
"RN2","100E","R_Array_Convex_8x0602",118.200000,-63.025000,90.000000,top
"RN3","100E","R_Array_Convex_8x0602",185.350000,-62.750000,90.000000,top
"RN4","100E","R_Array_Convex_8x0602",140.700000,-62.825000,90.000000,top
"RN5","100E","R_Array_Convex_8x0602",206.950000,-62.750000,90.000000,top
"RN6","100E","R_Array_Convex_8x0602",162.900000,-62.800000,90.000000,top
"SW3","MOT-ESTP","SW_DIP_SPSTx05_Slide_6.7x14.26mm_W8.61mm_P2.54mm_LowProfile",163.100000,-96.550000,0.000000,top
"U1","STM32H743ZITx","LQFP-144_20x20mm_P0.5mm",188.800000,-113.000000,0.000000,top
"U2","LM61495RPHR","RPH0016A",127.886999,-86.900000,90.000000,top
"U10","USBLC6-2SC6","SOT-23-6",211.062500,-108.125000,0.000000,top
"U16","VO617A-3X007T","SOIC254P1016X440-4N",115.725000,-106.175000,0.000000,top
"U18","TXS0102DQE","X2SON-8_1.4x1mm_P0.35mm",173.525000,-91.735000,90.000000,top
"U19","TXS0102DQE","X2SON-8_1.4x1mm_P0.35mm",179.575000,-87.965000,90.000000,top
"U20","TXS0101DCK","SOT-363_SC-70-6",130.450000,-71.150000,180.000000,top
"U22","TXS0101DCK","SOT-363_SC-70-6",150.050000,-71.450000,90.000000,top
"U23","TXS0101DCK","SOT-363_SC-70-6",195.450000,-70.450000,90.000000,top
"U24","TXS0101DCK","SOT-363_SC-70-6",211.050000,-82.550000,0.000000,top
"Y1","NX2016SA-25MHZ-EXS00A-CS11321","Crystal_SMD_2016-4Pin_2.0x1.6mm",174.430000,-115.330000,-90.000000,top
